{
  "export_version": "0.060",
  "framed_nodes": {},
  "groups": {},
  "nodes": {
    "Integer": {
      "bl_idname": "IntegerNode",
      "color": [
        0.6079999804496765,
        0.6079999804496765,
        0.6079999804496765
      ],
      "height": 100.0,
      "hide": false,
      "label": "",
      "location": [
        -428.8238525390625,
        772.46044921875
      ],
      "params": {
        "int_": 100
      },
      "width": 140.0
    },
    "Random": {
      "bl_idname": "RandomNode",
      "color": [
        0.6079999804496765,
        0.6079999804496765,
        0.6079999804496765
      ],
      "height": 100.0,
      "hide": false,
      "label": "",
      "location": [
        -267.3354797363281,
        727.5147094726562
      ],
      "params": {},
      "width": 140.0
    },
    "Random Vector.002": {
      "bl_idname": "RandomVectorNode",
      "color": [
        0.0,
        0.5,
        0.5
      ],
      "height": 100.0,
      "hide": false,
      "label": "",
      "location": [
        -264.1349792480469,
        833.8818969726562
      ],
      "params": {
        "count_inner": 1,
        "seed": 11
      },
      "width": 140.0
    },
    "Script Generator": {
      "bl_idname": "SvScriptNode",
      "color": [
        0.0,
        0.800000011920929,
        0.949999988079071
      ],
      "height": 100.0,
      "hide": false,
      "label": "tree_generator.py",
      "location": [
        125.25870513916016,
        1116.336181640625
      ],
      "params": {
        "button_names": "",
        "float_list": [
          0.0,
          0.75,
          0.10000000149011612,
          0.20000000298023224,
          10.0,
          0.019999999552965164,
          6.0,
          7.0,
          8.0,
          9.0,
          10.0,
          11.0,
          12.0,
          13.0,
          14.0,
          15.0,
          16.0,
          17.0,
          18.0,
          19.0,
          20.0,
          21.0,
          22.0,
          23.0,
          24.0,
          25.0,
          26.0,
          27.0,
          28.0,
          29.0,
          30.0,
          31.0
        ],
        "has_buttons": 0,
        "int_list": [
          0,
          100,
          2,
          15,
          1,
          5,
          6,
          7,
          8,
          9,
          10,
          11,
          12,
          13,
          14,
          15,
          16,
          17,
          18,
          19,
          20,
          21,
          22,
          23,
          24,
          25,
          26,
          27,
          28,
          29,
          30,
          31
        ],
        "script_name": "tree_generator.py",
        "script_str": "import numpy as np\nimport time\n\nfrom mathutils import Vector, Matrix    \n\nfrom sverchok.data_structure import Matrix_listing\n\ndef closest_np2(xyz1, xyz2):\n    x2 = np.subtract.outer(xyz2[:,0], xyz1[:,0])\n    y2 = np.subtract.outer(xyz2[:,1], xyz1[:,1])\n    z2 = np.subtract.outer(xyz2[:,2], xyz1[:,2])\n    d2 = np.sum((x2**2, y2**2, z2**2), axis=0)\n    ci = d2.argmin(axis=1)\n    column_i = range(d2.shape[0])\n    dout = np.sqrt(d2[column_i, ci])\n    v = np.vstack((x2[column_i, ci], y2[column_i, ci], z2[column_i, ci]))    \n    return dout, ci, v.T\n\nclass SCA:\n\n    def __init__(self, d=0.3, NBP=2000, KILLDIST=5, INFLUENCE=15, endpoints=[], \n                 TROPISM=0.0, max_time=1.0, startpoints=[]):\n        self.killdistance = KILLDIST\n        self.branchlength = d\n        self.maxiterations = NBP\n        self.tropism = np.array(TROPISM)\n        self.influence = INFLUENCE if INFLUENCE > 0 else 1e16\n        self.max_time = max_time\n        \n        if len(startpoints) > 0:            \n            self.bpalln = np.array(startpoints)\n        else:\n            self.bpalln = np.array([[0, 0, 0]])      \n        \n        self.bpp = [None] * self.bpalln.shape[0]\n        self.bpc = [0] * self.bpalln.shape[0]\n        self.bpg = [0] * self.bpalln.shape[0]\n            \n        self.epn = np.array(endpoints)        \n        d, ci, v = closest_np2(self.bpalln, self.epn)\n        self.epbn = ci\n        self.epdn = d\n        self.epvn = v / self.epdn.reshape((-1, 1))\n        self.epbn[self.epdn >= self.influence] = -2\n        \n        \n    def addBranchPoint(self, bpn, pi, generation):\n        self.bpalln = np.append(self.bpalln, [bpn], axis=0)\n\n        self.bpp.append(pi)\n        self.bpc.append(0)\n        #self.bpg.append(generation + 1)\n        self.bpg = np.append(self.bpg, [generation+1])\n        self.bpc[pi] += 1  \n        bi = self.bpalln.shape[0] - 1\n        v = self.epn - bpn\n        d2 = (v**2).sum(axis=1)\n        index = (self.epbn != -1) & (d2 < self.epdn**2) & (d2 > self.killdistance**2)\n         \n        d  = np.sqrt(d2[index])\n        self.epvn[index] = v[index, :] / d.reshape((-1,1))\n        self.epdn[index] = d\n        \n        index2 = (index & (d2 < self.influence**2))               \n        self.epbn[index2] = bi\n        \n        index3 = (index & (d2 >= self.influence**2))                \n        self.epbn[index3] = -2\n        \n        index4 = (self.epbn != -1) & (d2 < self.epdn**2) & (d2 <= self.killdistance**2)                \n        self.epbn[index4] = -1    \n               \n        if self.bpc[pi] > 1:  # a branch point with two children will not grow any new branches ...\n            index_e = (self.epbn == pi)\n            index_b = (np.array(self.bpc) <= 1)\n            d, c, v = closest_np2(self.bpalln[index_b], self.epn[index_e])\n            # this turns c indixes into self.bpalln[index_b] into u indices into self.bpalln\n            #needs better variable names\n            t = np.arange(self.bpalln.shape[0])[index_b]\n            u = t[c]\n            # set points not within influence distance to -2 so they will be\n            # ignored in growBranches\n            u[d >= self.influence] = -2\n\n            self.epdn[index_e] = d\n            self.epbn[index_e] = u            \n            self.epvn[index_e] = v / d.reshape((-1,1))    \n                         \n    def growBranches(self, generation):\n        index = self.epbn >= 0        \n        epbn = self.epbn[index]\n        bis = np.unique(epbn)\n        \n        v_sums = np.empty((bis.shape[0], 3))\n        for col in range(3):\n            v_sums[:, col] = np.bincount(epbn, weights=self.epvn[index, col])[bis]\n#        d2 = (v_sums**2).sum(axis=1)\n#        d = np.sqrt(d2) /self.branchlength\n#        vd = v_sums / d.reshape((-1, 1))\n\n        n_hat = v_sums/(((v_sums**2).sum(axis=1))**0.5).reshape((-1,1))\n        n_tilde = (n_hat + self.tropism)\n        n_tilde = n_tilde/(((n_tilde**2).sum(axis=1))**0.5).reshape((-1,1))\n       \n        newbps = self.bpalln[bis] + n_tilde * self.branchlength\n        newbpps = bis        \n                \n        for newbp, newbpp in zip(newbps, newbpps):\n            self.addBranchPoint(newbp, newbpp, generation)\n                        \n    def iterate(self):\n        t0 = time.time()\n        for i in range(self.maxiterations):\n            nbp = self.bpalln.shape[0]    \n            self.growBranches(i)\n            if self.bpalln.shape[0] == nbp:\n                return\n            if (time.time() - t0) > self.max_time:\n                print('SCA timed out')\n                return\n        return\n\n    def bp_verts_edges_n(self):\n        \"\"\"\n        returns branchpoints verts as a list of positions\n        and edges as index to connect the branch points\n        and leaves matrices \n        \"\"\"\n        verts = []\n        edges = []\n        ends = []\n        ends_inds = []\n        for i, b in enumerate(self.bpalln):\n            bp_parent = self.bpp[i]\n            verts.append(list(b))\n            if bp_parent != None:\n                edges.append((bp_parent, i))\n            if self.bpc[i] == 0:\n                ends.append(True)\n                ends_inds.append(i)\n            